eta_ORC,p_r_ev,T_ev_C,Function Calls
 1.49795515621918E-0001, 2.00000000000000E-0001, 1.36839359253107E+0002,1
 1.89848763848649E-0001, 4.24671108500000E-0001, 1.79838700790597E+0002,2
 2.02912726505314E-0001, 6.25328891500000E-0001, 2.05216077616033E+0002,3
 2.04268007002038E-0001, 7.49342219376022E-0001, 2.17779850399913E+0002,4
 2.02350560188049E-0001, 8.25986673592440E-0001, 2.24693536956826E+0002,5
 2.04353613544848E-0001, 7.01973343901299E-0001, 2.13200276063413E+0002,6
 2.04027502018754E-0001, 6.72697766413820E-0001, 2.10239260535209E+0002,7
 2.04412481737154E-0001, 7.20066643489417E-0001, 2.14979307065506E+0002,8
 2.04392874713171E-0001, 7.31248920002149E-0001, 2.16060159105778E+0002,9
 2.04403111693110E-0001, 7.13155618894992E-0001, 2.14304238360886E+0002,10
 2.04410110699259E-0001, 7.24337893970520E-0001, 2.15393810421648E+0002,11
 2.04410823056166E-0001, 7.17426867888314E-0001, 2.14722097342603E+0002,12
 2.04412315134959E-0001, 7.21698116912894E-0001, 2.15137876404616E+0002,13
 2.04412129143026E-0001, 7.19058339835949E-0001, 2.14881155264099E+0002,14
 2.04412525730510E-0001, 7.20689811795524E-0001, 2.15039910807000E+0002,15
 2.04412485891308E-0001, 7.21074948614166E-0001, 2.15077343764089E+0002,16
 2.04412524569426E-0001, 7.20451781774780E-0001, 2.15016767341350E+0002,17
 2.04412516410604E-0001, 7.20836920062962E-0001, 2.15054210817338E+0002,18
 2.04412527450618E-0001, 7.20598891510015E-0001, 2.15031071458697E+0002,19
 2.04412527214573E-0001, 7.20542702059212E-0001, 2.15025608204049E+0002,20
 2.04412527048399E-0001, 7.20633620876513E-0001, 2.15034447988025E+0002,21
 2.04412527446659E-0001, 7.20598891510015E-0001, 2.15031071458697E+0002,22
